Campaign,Campaign Type,Campaign Status,Budget,Budget type,Bid Strategy Type,Maximum CPC bid limit,Networks,Languages,Start Date,End Date,Location,Ad Group,Ad Group Status,Keyword,Criterion Type,Ad type,Status,Final URL,Headline 1,Headline 2,Headline 3,Headline 4,Headline 5,Headline 6,Headline 7,Headline 8,Headline 9,Headline 10,Headline 11,Headline 12,Headline 13,Headline 14,Headline 15,Description 1,Description 2,Description 3,Description 4
Navidad 2026 - Sincelejo,Search,Paused,10000,Daily,Maximize clicks,1800,Google search,es,2026-10-10,2026-12-31,,,,,,,,,,,,,,,,,,,,,,,,,,,
Navidad 2026 - Sincelejo,,,,,,,,,,,Colombia,,,,,,,,,,,,,,,,,,,,,,,,,,
Navidad 2026 - Sincelejo,,,,,,,,,,,,Navidad en familia,Enabled,,,,,,,,,,,,,,,,,,,,,,,,
Navidad 2026 - Sincelejo,,,,,,,,,,,,Navidad en familia,,hotel en sincelejo,Exact,,,,,,,,,,,,,,,,,,,,,,
Navidad 2026 - Sincelejo,,,,,,,,,,,,Navidad en familia,,hotel navidad sincelejo,Phrase,,,,,,,,,,,,,,,,,,,,,,
Navidad 2026 - Sincelejo,,,,,,,,,,,,Navidad en familia,,hotel fin de año sincelejo,Phrase,,,,,,,,,,,,,,,,,,,,,,
Navidad 2026 - Sincelejo,,,,,,,,,,,,Navidad en familia,,hotel año nuevo sincelejo,Phrase,,,,,,,,,,,,,,,,,,,,,,
Navidad 2026 - Sincelejo,,,,,,,,,,,,Navidad en familia,,hotel familiar sincelejo,Phrase,,,,,,,,,,,,,,,,,,,,,,
Navidad 2026 - Sincelejo,,,,,,,,,,,,Navidad en familia,,hotel para familias sincelejo,Phrase,,,,,,,,,,,,,,,,,,,,,,
Navidad 2026 - Sincelejo,,,,,,,,,,,,Navidad en familia,,habitación familiar sincelejo,Phrase,,,,,,,,,,,,,,,,,,,,,,
Navidad 2026 - Sincelejo,,,,,,,,,,,,Navidad en familia,,hotel en sincelejo con desayuno,Phrase,,,,,,,,,,,,,,,,,,,,,,
Navidad 2026 - Sincelejo,,,,,,,,,,,,Navidad en familia,,hospedaje sincelejo diciembre,Phrase,,,,,,,,,,,,,,,,,,,,,,
Navidad 2026 - Sincelejo,,,,,,,,,,,,Navidad en familia,,hotel malibu sincelejo,Exact,,,,,,,,,,,,,,,,,,,,,,
Navidad 2026 - Sincelejo,,,,,,,,,,,,Navidad en familia,,,,Responsive search ad,Enabled,https://www.hotelmalibu.co/index.php/reserve,Hotel Malibú en Sincelejo,Promoción Especial Navideña,Del 15 Dic al 6 Ene,Junior Suite Twins $309.000,Impuestos Incluidos,Niños Menores de 12 Gratis,Dos Camas Queen,Reserva por WhatsApp,Hospedaje Familiar Sincelejo,Aire Acondicionado y WiFi,Navidad en Familia,Fin de Año en Sincelejo,Cupos Limitados en Diciembre,Hasta 3 Adultos por Habitación,Escríbenos y Reserva Hoy,"Promo navideña 15 dic al 6 ene. Junior Suite Twins $309.000, impuestos incluidos.","Dos camas Queen, hasta 3 adultos y niños menores de 12 gratis. Baño, aire y WiFi.",Reserva fácil por WhatsApp al 314 593 3714. Confirmamos tu habitación en minutos.,"Hotel Malibú, Cl. 32A #32-04, Sincelejo. Cupos limitados para Navidad y fin de año."
